case_id,component,preset,pass_mode,batch_size,seq_len,hidden_size,num_heads,ffn_hidden_size,activation,use_rope,hidden_dropout,attention_dropout,train_mode,drop_path_prob,layer_scale_init,bias,eps,norm_type,mean_ms,median_ms,p95_ms,std_ms,sample_count,measurement_seconds,memory_mb,device,param_dtype,input_dtype,autocast_dtype
mlp|default|forward|b8s64d256h4ffn1024,mlp,default,forward,8,64,256,4,1024,swiglu,False,0.0,0.0,False,0.1,1e-05,True,1e-05,layernorm,0.2550257710483281,0.25609182193875313,0.2723280340433121,0.009279439199941081,3396,1.00002511870116,15.8857421875,cuda:2,float32,float32,bfloat16
mlp|default|forward|b4s256d512h8ffn2048,mlp,default,forward,4,256,512,8,2048,swiglu,False,0.0,0.0,False,0.1,1e-05,True,1e-05,layernorm,0.29896157187001554,0.29372796416282654,0.31946878880262375,0.011574590904550036,2955,1.0000165980309248,36.146484375,cuda:2,float32,float32,bfloat16
mlp|default|forward|b2s1024d768h12ffn3072,mlp,default,forward,2,1024,768,12,3072,swiglu,False,0.0,0.0,False,0.1,1e-05,True,1e-05,layernorm,0.8563021429223951,0.8639246225357056,0.9007062762975693,0.03964660381261889,1071,1.000773779116571,79.1572265625,cuda:2,float32,float32,bfloat16
self_attention|default|forward|b8s64d256h4ffn1024,self_attention,default,forward,8,64,256,4,1024,swiglu,True,0.0,0.0,False,0.1,1e-05,True,1e-05,layernorm,0.35768006658720636,0.35326089709997177,0.3728708252310753,0.009921947843614345,2505,1.0001953914761543,12.1708984375,cuda:2,float32,float32,bfloat16
self_attention|default|forward|b4s256d512h8ffn2048,self_attention,default,forward,4,256,512,8,2048,swiglu,True,0.0,0.0,False,0.1,1e-05,True,1e-05,layernorm,0.3729332303940436,0.368400476872921,0.3886008635163307,0.010301016651331157,2417,1.000298504717648,22.2939453125,cuda:2,float32,float32,bfloat16
self_attention|default|forward|b2s1024d768h12ffn3072,self_attention,default,forward,2,1024,768,12,3072,swiglu,True,0.0,0.0,False,0.1,1e-05,True,1e-05,layernorm,0.5213295358693559,0.5117789842188358,0.5561057478189468,0.029099569887097484,1772,1.0000029457733035,42.7373046875,cuda:2,float32,float32,bfloat16
