case_id,component,preset,pass_mode,batch_size,seq_len,hidden_size,num_heads,ffn_hidden_size,activation,use_rope,hidden_dropout,attention_dropout,train_mode,drop_path_prob,layer_scale_init,bias,eps,norm_type,mean_ms,median_ms,p95_ms,std_ms,sample_count,measurement_seconds,memory_mb,device,param_dtype,input_dtype,autocast_dtype
mlp|default|forward|b8s64d256h4ffn1024,mlp,default,forward,8,64,256,4,1024,swiglu,False,0.0,0.0,False,0.1,1e-05,True,1e-05,rmsnorm,0.24883937623275265,0.24146726354956627,0.300518237054348,0.01921622758578656,3504,1.0000175833702087,15.884765625,cuda:2,float32,float32,bfloat16
mlp|default|forward|b4s256d512h8ffn2048,mlp,default,forward,4,256,512,8,2048,swiglu,False,0.0,0.0,False,0.1,1e-05,True,1e-05,rmsnorm,0.29521765596468313,0.29114773496985435,0.3110785037279129,0.008392626398117574,2996,1.0000345846638083,36.14453125,cuda:2,float32,float32,bfloat16
mlp|default|forward|b2s1024d768h12ffn3072,mlp,default,forward,2,1024,768,12,3072,swiglu,False,0.0,0.0,False,0.1,1e-05,True,1e-05,rmsnorm,0.7488219404783775,0.7416112348437309,0.7815118879079819,0.015069356442533963,1270,1.000221548601985,79.154296875,cuda:2,float32,float32,bfloat16
self_attention|default|forward|b8s64d256h4ffn1024,self_attention,default,forward,8,64,256,4,1024,swiglu,True,0.0,0.0,False,0.1,1e-05,True,1e-05,rmsnorm,0.3561718892291342,0.3519500605762005,0.3691408783197403,0.017279659102163062,2526,1.0003186408430338,12.169921875,cuda:2,float32,float32,bfloat16
self_attention|default|forward|b4s256d512h8ffn2048,self_attention,default,forward,4,256,512,8,2048,swiglu,True,0.0,0.0,False,0.1,1e-05,True,1e-05,rmsnorm,0.5878426847166262,0.680689699947834,0.7215393707156181,0.14630564978755753,1537,1.0002814894542098,22.2919921875,cuda:2,float32,float32,bfloat16
self_attention|default|forward|b2s1024d768h12ffn3072,self_attention,default,forward,2,1024,768,12,3072,swiglu,True,0.0,0.0,False,0.1,1e-05,True,1e-05,rmsnorm,0.515316163146741,0.5079945549368858,0.5509257316589355,0.0338490702892765,1799,1.000098285265267,42.734375,cuda:2,float32,float32,bfloat16
